Name,Age,Department,Salary,Joining_Date,Email,Gender
David0,45,Sales,26556,2021-05-07,david0@gmail.com,M
Eva1,37,Marketing,51967,2019-09-05,eva1@gmail.com,M
Lakshmi2,31,Marketing,26636,2020-02-22,lakshmi2@gmail.com,F
Priya3,45,Finance,37200,2019-10-05,priya3@gmail.com,F
Ian4,43,IT,53848,2019-01-17,ian4@gmail.com,F
Manoj5,21,Sales,71417,2022-10-27,manoj5@gmail.com,M
Eva6,52,Finance,116975,2025-04-20,eva6@gmail.com,F
Rahul7,34,HR,70304,2019-02-24,rahul7@gmail.com,M
Priya8,42,Marketing,94139,2019-11-07,priya8@gmail.com,F
Rahul9,21,Sales,70161,2020-01-29,rahul9@gmail.com,M
Vijay10,46,Finance,66304,2024-08-11,vijay10@gmail.com,M
Nisha11,29,Sales,43648,2024-05-28,nisha11@gmail.com,M
Helen12,38,Sales,92941,2021-12-10,helen12@gmail.com,F
Vijay13,47,Marketing,31888,2020-04-30,vijay13@gmail.com,M
Charlie14,55,HR,100974,2023-12-27,charlie14@gmail.com,M
Alice15,28,Finance,118751,2025-01-05,alice15@gmail.com,M
Kiran16,26,Finance,64608,2019-02-20,kiran16@gmail.com,M
Om17,26,IT,50076,2025-01-28,om17@gmail.com,M
Nisha18,25,Sales,88538,2022-09-03,nisha18@gmail.com,M
Manoj19,47,Sales,103425,2023-02-13,manoj19@gmail.com,M
Eva20,55,IT,86709,2025-01-13,eva20@gmail.com,F
Charlie21,27,Marketing,53567,2021-02-20,charlie21@gmail.com,F
Ian22,29,Finance,83575,2023-09-05,ian22@gmail.com,F
Rahul23,48,Finance,115086,2021-07-15,rahul23@gmail.com,F
Manoj24,23,Finance,95698,2023-03-11,manoj24@gmail.com,F
Bob25,34,Marketing,107517,2024-01-28,bob25@gmail.com,M
Priya26,27,HR,57636,2021-12-16,priya26@gmail.com,F
Charlie27,42,IT,55352,2019-07-11,charlie27@gmail.com,M
Alice28,42,HR,85630,2021-01-30,alice28@gmail.com,F
Vijay29,38,HR,80751,2023-10-04,vijay29@gmail.com,F
David30,40,IT,29950,2022-05-29,david30@gmail.com,F
Rahul31,36,Marketing,96254,2019-04-13,rahul31@gmail.com,M
Jack32,27,IT,37193,2021-09-14,jack32@gmail.com,F
Grace33,40,HR,55316,2023-11-24,grace33@gmail.com,M
David34,40,Finance,45998,2019-12-03,david34@gmail.com,M
Manoj35,31,Marketing,69151,2021-11-17,manoj35@gmail.com,M
Priya36,30,HR,102041,2020-12-13,priya36@gmail.com,F
Bob37,51,Finance,77342,2019-02-26,bob37@gmail.com,M
Priya38,50,Sales,55672,2023-06-15,priya38@gmail.com,F
Kiran39,47,Sales,59099,2024-09-26,kiran39@gmail.com,F
Vijay40,29,Sales,97558,2022-09-15,vijay40@gmail.com,M
Sneha41,51,HR,82571,2024-09-24,sneha41@gmail.com,M
Helen42,45,Marketing,99929,2024-12-19,helen42@gmail.com,F
Tarun43,39,HR,110808,2025-05-21,tarun43@gmail.com,M
Charlie44,27,HR,108238,2023-01-09,charlie44@gmail.com,M
Vijay45,36,IT,54987,2025-03-08,vijay45@gmail.com,M
Jack46,21,Sales,55873,2024-10-21,jack46@gmail.com,M
Nisha47,33,HR,96667,2022-02-20,nisha47@gmail.com,M
Frank48,40,Sales,60285,2019-09-29,frank48@gmail.com,F
Kiran49,51,Marketing,48449,2020-09-12,kiran49@gmail.com,F
Nisha50,49,Sales,38979,2019-01-26,nisha50@gmail.com,M
Om51,41,Marketing,39802,2022-07-14,om51@gmail.com,F
Priya52,41,Marketing,50831,2022-01-27,priya52@gmail.com,M
David53,34,IT,68473,2025-06-18,david53@gmail.com,M
Ian54,30,HR,81829,2022-04-25,ian54@gmail.com,F
Tarun55,50,IT,96658,2019-07-20,tarun55@gmail.com,F
Helen56,45,HR,29707,2020-10-19,helen56@gmail.com,F
Kiran57,50,Marketing,103739,2022-07-25,kiran57@gmail.com,M
Priya58,52,Finance,53068,2020-06-01,priya58@gmail.com,M
Bob59,29,Finance,47006,2019-12-01,bob59@gmail.com,F
David60,48,Sales,66715,2021-06-22,david60@gmail.com,M
Bob61,31,Sales,57874,2024-06-21,bob61@gmail.com,M
Bob62,30,Sales,49787,2020-04-09,bob62@gmail.com,M
Lakshmi63,43,IT,41957,2024-08-21,lakshmi63@gmail.com,F
Eva64,47,IT,51240,2024-04-17,eva64@gmail.com,M
Nisha65,44,Sales,75908,2022-07-16,nisha65@gmail.com,F
Manoj66,31,IT,53421,2021-02-13,manoj66@gmail.com,F
Priya67,46,Marketing,49182,2022-09-27,priya67@gmail.com,M
Sneha68,32,Finance,27514,2025-07-17,sneha68@gmail.com,M
Ian69,30,IT,95923,2022-01-09,ian69@gmail.com,F
Helen70,38,IT,32860,2019-11-14,helen70@gmail.com,F
David71,26,Finance,96899,2019-05-19,david71@gmail.com,M
Rahul72,26,Marketing,115018,2019-11-13,rahul72@gmail.com,F
Grace73,48,IT,45751,2024-09-09,grace73@gmail.com,F
Priya74,51,HR,66615,2021-07-22,priya74@gmail.com,M
Ian75,23,IT,80537,2019-05-22,ian75@gmail.com,F
Bob76,35,Marketing,106288,2023-06-18,bob76@gmail.com,M
Ian77,48,HR,79545,2025-06-03,ian77@gmail.com,F
Eva78,29,Marketing,60427,2023-04-23,eva78@gmail.com,F
Bob79,36,Finance,88479,2020-01-14,bob79@gmail.com,M
Kiran80,31,IT,90592,2020-05-28,kiran80@gmail.com,F
Charlie81,37,Sales,31558,2024-02-14,charlie81@gmail.com,M
Jack82,30,HR,117959,2020-08-21,jack82@gmail.com,M
Alice83,51,Sales,92777,2021-03-11,alice83@gmail.com,F
Nisha84,52,Sales,116033,2019-02-05,nisha84@gmail.com,F
Helen85,34,Finance,96393,2020-11-06,helen85@gmail.com,F
Vijay86,29,IT,56939,2024-04-13,vijay86@gmail.com,M
Alice87,51,HR,94892,2022-10-16,alice87@gmail.com,M
Rahul88,53,Sales,48041,2024-04-07,rahul88@gmail.com,M
Frank89,31,Finance,105359,2020-06-29,frank89@gmail.com,F
Lakshmi90,50,Marketing,72970,2024-03-08,lakshmi90@gmail.com,M
Charlie91,41,Finance,118801,2022-10-23,charlie91@gmail.com,F
Alice92,36,Finance,25990,2019-10-21,alice92@gmail.com,M
David93,31,HR,56928,2021-03-02,david93@gmail.com,F
Eva94,28,Sales,105027,2021-01-28,eva94@gmail.com,F
Nisha95,42,Sales,76733,2024-11-09,nisha95@gmail.com,M
Helen96,30,Finance,119372,2019-08-23,helen96@gmail.com,M
Charlie97,28,HR,70843,2020-04-05,charlie97@gmail.com,M
Om98,40,IT,39522,2019-06-16,om98@gmail.com,M
Alice99,47,Sales,56128,2020-02-22,alice99@gmail.com,M
